feature,source_name,label,rows,missing,zero_fraction,mean,minimum,maximum,q05,q25,q50,q75,q90,q95,q99
timestep,timestep,licit,200870,0,0.0,24.28884850898591,1.0,49.0,1.0,8.0,23.0,40.0,45.0,47.0,49.0
timestep,timestep,illicit,11413,0,0.0,28.944536931569264,1.0,49.0,8.0,22.0,29.0,37.0,46.0,48.0,49.0
elliptic_f_001,num_txs_as_sender,licit,200870,0,0.551296858664808,0.5355503559516105,0.0,1453.0,0.0,0.0,0.0,1.0,1.0,1.0,2.0
elliptic_f_001,num_txs_as_sender,illicit,11413,0,0.12240427582581268,0.9256987645667222,0.0,35.0,0.0,1.0,1.0,1.0,1.0,1.0,2.8799999999991996
elliptic_f_002,num_txs_as receiver,licit,200870,0,0.3341116144770249,0.8193757156369792,0.0,537.0,0.0,0.0,1.0,1.0,1.0,2.0,4.0
elliptic_f_002,num_txs_as receiver,illicit,11413,0,0.24901428195916936,1.0431963550337335,0.0,92.0,0.0,1.0,1.0,1.0,1.0,2.0,7.0
elliptic_f_003,first_block_appeared_in,licit,200870,0,0.0,436734.38722059043,391200.0,487975.0,391204.0,405313.0,433538.0,469828.0,479907.0,483941.0,487969.0
elliptic_f_003,first_block_appeared_in,illicit,11413,0,0.0,447216.29746779986,391200.0,487975.0,405313.0,431528.0,445634.0,463779.0,481927.0,485958.0,487971.0
elliptic_f_004,last_block_appeared_in,licit,200870,0,0.0,438154.4974013043,391200.0,487975.0,391205.0,405318.0,435553.0,469830.0,479908.0,483943.0,487969.0
elliptic_f_004,last_block_appeared_in,illicit,11413,0,0.0,447541.4754227635,391202.0,487975.0,405318.0,433538.0,447648.0,463780.0,481927.0,485958.0,487971.0
elliptic_f_005,lifetime_in_blocks,licit,200870,0,0.8403395230746253,1420.1101807138946,0.0,96775.0,0.0,0.0,0.0,0.0,2.0,4033.0,46367.0
elliptic_f_005,lifetime_in_blocks,illicit,11413,0,0.3575746955226496,325.17795496363794,0.0,82646.0,0.0,0.0,1.0,2.0,5.0,7.0,8068.879999999999
elliptic_f_006,total_txs,licit,200870,0,0.0,1.3549260715885896,1.0,1471.0,1.0,1.0,1.0,1.0,2.0,2.0,5.0
elliptic_f_006,total_txs,illicit,11413,0,0.0,1.9688951196004556,1.0,94.0,1.0,1.0,2.0,2.0,2.0,3.0,9.0
elliptic_f_007,first_sent_block,licit,200870,0,0.551296858664808,198080.00585951112,0.0,487975.0,0.0,0.0,0.0,435558.0,473864.0,479907.0,485957.0
elliptic_f_007,first_sent_block,illicit,11413,0,0.12240427582581268,393133.0548497328,0.0,487975.0,0.0,421445.0,439590.0,461766.0,481927.0,485958.0,487971.0
elliptic_f_008,first_received_block,licit,200870,0,0.3341116144770249,289040.5086822323,0.0,487975.0,0.0,0.0,405312.0,447652.0,475873.0,479910.0,485959.0
elliptic_f_008,first_received_block,illicit,11413,0,0.24901428195916936,334139.7724524665,0.0,487975.0,0.0,391205.0,435560.0,455715.0,469828.0,475874.0,487968.0
elliptic_f_009,num_timesteps_appeared_in,licit,200870,0,0.0,1.1022551899238313,1.0,47.0,1.0,1.0,1.0,1.0,1.0,2.0,4.0
elliptic_f_009,num_timesteps_appeared_in,illicit,11413,0,0.0,1.030842022255323,1.0,15.0,1.0,1.0,1.0,1.0,1.0,1.0,2.0
elliptic_f_010,btc_transacted_total,licit,200870,0,6.471847463533628e-05,2.5504628782968592,0.0,28756.01032336,0.0001229299999999,0.000702135,0.010807395000000001,0.1,0.7577498270000006,2.4097365689999957,29.891570902199987
elliptic_f_010,btc_transacted_total,illicit,11413,0,0.0,0.48358011334267936,1.482e-05,158.31809156,0.0022,0.0076,0.0204,0.13818272,0.7109116040000013,1.6639999999999964,7.949816434799867
elliptic_f_011,btc_transacted_min,licit,200870,0,6.471847463533628e-05,1.0541092622660926,0.0,6335.2,0.00011397449999994502,0.00057624,0.01,0.0770864225,0.5633841340000005,1.851027358999996,18.295332136999995
elliptic_f_011,btc_transacted_min,illicit,11413,0,0.0,0.2338942773048278,7.41e-06,113.69510591,0.0014,0.0043,0.0109924199999999,0.06274509,0.31572662799999995,0.7293936499999987,3.488681330799993
elliptic_f_012,btc_transacted_max,licit,200870,0,6.471847463533628e-05,1.2774260168269524,0.0,6335.2,0.00011892900000000001,0.00065167,0.010005404999999901,0.0899999999999999,0.6510424059999999,2.0,19.312169909099996
elliptic_f_012,btc_transacted_max,illicit,11413,0,0.0,0.30166997766669584,7.41e-06,113.69510591,0.0014588479999999402,0.0047,0.01316408,0.0916989899999999,0.4444951880000002,0.989974134,4.735117589999983
elliptic_f_013,btc_transacted_mean,licit,200870,0,6.471847463533628e-05,1.0971780191090288,0.0,6335.2,0.00011868450000000001,0.000624585,0.0100007599999999,0.08541811166749995,0.6061268555000024,1.9823918279999944,18.717120748399985
elliptic_f_013,btc_transacted_mean,illicit,11413,0,0.0,0.24907469574737492,7.41e-06,113.69510591,0.00140974399999996,0.0047,0.01298,0.0833333299999999,0.37043622400000054,0.7934191299999995,3.8134928490181395
elliptic_f_014,btc_transacted_median,licit,200870,0,6.471847463533628e-05,1.08416789598392,0.0,6335.2,0.00011841,0.000614574999999925,0.01000031,0.08388604250000001,0.5998,1.937403527499996,18.642765486799995
elliptic_f_014,btc_transacted_median,illicit,11413,0,0.0,0.24383663008148598,7.41e-06,113.69510591,0.0014,0.0047,0.01279247,0.07959257,0.346416,0.7579018499999999,3.7161798111999937
elliptic_f_015,btc_sent_total,licit,200870,0,0.5513068153532136,1.2970900410434116,0.0,19195.84889999,0.0,0.0,0.0,0.013898074999999925,0.24082250000000022,0.9884038444999999,14.045457525699984
elliptic_f_015,btc_sent_total,illicit,11413,0,0.12240427582581268,0.24691049307456403,0.0,113.69510591,0.0,0.0023999999999999,0.0083999999999999,0.05338458,0.3302661380000001,0.7826776379999991,4.0
elliptic_f_016,btc_sent_min,licit,200870,0,0.6658933638671778,0.3607443886611739,0.0,6335.2,0.0,0.0,0.0,0.003120089999999975,0.089380914,0.40745002049999823,4.0
elliptic_f_016,btc_sent_min,illicit,11413,0,0.7509857180408306,0.07847336540436343,0.0,113.69510591,0.0,0.0,0.0,0.0,0.03023814399999997,0.14,1.1503209179999903
elliptic_f_017,btc_sent_max,licit,200870,0,0.5513068153532136,0.8215652160119482,0.0,6335.2,0.0,0.0,0.0,0.013400874999999975,0.23268753800000022,0.9350310069999975,13.553115445499952
elliptic_f_017,btc_sent_max,illicit,11413,0,0.12240427582581268,0.23739750835363177,0.0,113.69510591,0.0,0.0023999999999999,0.0083999999999999,0.0516945099999999,0.3199812880000001,0.7495696979999997,3.98952451479999
elliptic_f_018,btc_sent_mean,licit,200870,0,0.5513068153532136,0.5265425203500121,0.0,6335.2,0.0,0.0,0.0,0.010695405,0.19342378300000018,0.7349928134999998,8.828642592
elliptic_f_018,btc_sent_mean,illicit,11413,0,0.12240427582581268,0.1372628904543529,0.0,113.69510591,0.0,0.0014499999999999,0.00492562,0.0323526,0.17815923200000008,0.4289823659999995,2.1180225511999873
elliptic_f_019,btc_sent_median,licit,200870,0,0.563946831283915,0.5094430973933888,0.0,6335.2,0.0,0.0,0.0,0.010033,0.1804999999999999,0.7004365854999991,8.658337689499987
elliptic_f_019,btc_sent_median,illicit,11413,0,0.1535967756067642,0.13199481523438183,0.0,113.69510591,0.0,0.00115,0.0041999999999999,0.0266704,0.15879472600000014,0.4006506219999994,2.0354117543999677
elliptic_f_020,btc_received_total,licit,200870,0,0.33417633295166027,1.253372809478618,0.0,15235.00104294,0.0,0.0,0.00030603499999995,0.0191704875,0.24060295300000017,0.9999,15.725888987099943
elliptic_f_020,btc_received_total,illicit,11413,0,0.24901428195916936,0.23666962026811528,0.0,79.15904578,0.0,0.0002,0.0067,0.04360357,0.31897015600000017,0.8294388319999996,4.0023583648
elliptic_f_021,btc_received_min,licit,200870,0,0.44876785980982725,0.40293243376322985,0.0,1949.4,0.0,0.0,0.00012848999999995,0.005091702499999925,0.08359328300000016,0.4,5.0
elliptic_f_021,btc_received_min,illicit,11413,0,0.8775957241741873,0.048937571613949,0.0,50.0,0.0,0.0,0.0,0.0,0.005364901999999929,0.04085788799999981,0.6629009003999928
elliptic_f_022,btc_received_max,licit,200870,0,0.33417633295166027,0.8324370554418281,0.0,4498.92543813,0.0,0.0,0.00028516,0.017969749999999975,0.22377598100000012,0.9830987339999908,14.994415684299987
elliptic_f_022,btc_received_max,illicit,11413,0,0.24901428195916936,0.1917029967230351,0.0,79.15904578,0.0,0.0002,0.0067,0.041,0.2847776200000008,0.666256092,3.1582862051999863
elliptic_f_023,btc_received_mean,licit,200870,0,0.33417633295166027,0.5706337954327799,0.0,1949.4,0.0,0.0,0.0002680599999999,0.0148,0.1829565440000003,0.77,9.589739807249996
elliptic_f_023,btc_received_mean,illicit,11413,0,0.24901428195916936,0.11181180529293727,0.0,50.0,0.0,0.0001417,0.00335,0.02205,0.15174457600000094,0.32196057199999983,1.7677176806399848
elliptic_f_024,btc_received_median,licit,200870,0,0.33922935231741924,0.5619259969853138,0.0,1949.4,0.0,0.0,0.00025405,0.013764871249999925,0.1706577780000001,0.7498060749999993,9.4999
elliptic_f_024,btc_received_median,illicit,11413,0,0.2520809603084202,0.10743782942609302,0.0,50.0,0.0,0.0,0.00335,0.0201,0.1318841880000005,0.2963575689999999,1.7393422395999985
elliptic_f_025,fees_total,licit,200870,0,0.06300094588539852,0.013178465684472514,0.0,7.23897221,0.0,0.0005984999999999,0.00192127,0.01056189,0.0360455999999999,0.071524,0.1171481999999999
elliptic_f_025,fees_total,illicit,11413,0,0.0,0.028091226178918738,4e-05,0.6163789699999999,0.0002,0.0006015999999999,0.00342748,0.03121787,0.068063852,0.12239578,0.2851285499999999
elliptic_f_026,fees_min,licit,200870,0,0.07760242943197093,0.010293887071389427,0.0,0.2691907,0.0,0.0004,0.00171352,0.00704104,0.02951656,0.0585740999999999,0.1
elliptic_f_026,fees_min,illicit,11413,0,8.761938140716727e-05,0.009667303741347551,0.0,0.2851285499999999,0.000113,0.0002,0.0004964099999999,0.0013967999999999,0.00412894,0.01739808,0.2851285499999999
elliptic_f_027,fees_max,licit,200870,0,0.06300094588539852,0.01201070880888134,0.0,0.2691907,0.0,0.0005282999999999,0.00189014,0.01,0.0340584,0.0688420299999999,0.10087422
elliptic_f_027,fees_max,illicit,11413,0,0.0,0.027137575381582367,4e-05,0.2851285499999999,0.0002,0.0004,0.00281517,0.0297581999999999,0.06570146,0.1196728,0.2851285499999999
elliptic_f_028,fees_mean,licit,200870,0,0.06300094588539852,0.011107667225298492,0.0,0.2691907,0.0,0.0005,0.0018752599999999,0.0089217199999999,0.0313015499999999,0.0585740999999999,0.1
elliptic_f_028,fees_mean,illicit,11413,0,0.0,0.018337783406186452,4e-05,0.2851285499999999,0.0001756399999999,0.0003588199999999,0.0021469,0.01739808,0.0402216,0.0611964399999999,0.2851285499999999
elliptic_f_029,fees_median,licit,200870,0,0.0703888086822323,0.011065946222507063,0.0,0.2691907,0.0,0.0005,0.0018504,0.00870308,0.0313015499999999,0.0585740999999999,0.1
elliptic_f_029,fees_median,illicit,11413,0,0.0,0.018270348588013637,4e-05,0.2851285499999999,0.00017532599999994,0.000346875,0.001987505,0.01739808,0.0388275999999999,0.0611964399999999,0.2851285499999999
elliptic_f_030,fees_as_share_total,licit,200870,0,0.06306566436003386,0.00034211157639028655,0.0,3.6361614281723393,0.0,2.844353624e-06,1.6113615285e-05,0.000157511887425,0.0005375285881302003,0.000931844845649945,0.0037409304038026445
elliptic_f_030,fees_as_share_total,illicit,11413,0,0.0,0.0005354261120357442,6.8870226000000005e-09,0.5750515429999999,1.171989131e-05,6.82078681830224e-05,0.0002,0.000384406174,0.0009323872195124807,0.001487552921599959,0.0045710440355343045
elliptic_f_031,fees_as_share_min,licit,200870,0,0.07766714790660627,0.00019714811421464503,0.0,0.2652322128999999,0.0,2.12130515713227e-06,9.68628551937837e-06,9.849273243788152e-05,0.00039064751929999004,0.0006684573767124239,0.002585057476459999
elliptic_f_031,fees_as_share_min,illicit,11413,0,8.761938140716727e-05,0.00017776874814672333,0.0,0.0754313500599999,5.323174414600001e-07,5.585528957e-06,4.383941374e-05,0.000174988567,0.00031587096908000005,0.0005382864674090992,0.0012603585163908804
elliptic_f_032,fees_as_share_max,licit,200870,0,0.06306566436003386,0.0002514052202273715,0.0,0.2652322128999999,0.0,2.825785062e-06,1.553322672e-05,0.000143207767009625,0.00047333485776000024,0.0008220390930318246,0.0032238790426225967
elliptic_f_032,fees_as_share_max,illicit,11413,0,0.0,0.0003563826614376101,6.8870226000000005e-09,0.1108687778999999,1.03067637444996e-05,6.00923932717378e-05,0.0001862800101556,0.0002970025522999,0.0007241599999999,0.0011240559999999393,0.0026397078721502607
elliptic_f_033,fees_as_share_mean,licit,200870,0,0.06306566436003386,0.00022018888319125907,0.0,0.2652322128999999,0.0,2.7624175354682498e-06,1.4408908613310401e-05,0.000126858403665525,0.00041341618656990005,0.0007343347792594998,0.0028474702357499677
elliptic_f_033,fees_as_share_mean,illicit,11413,0,0.0,0.00025711278792304586,6.8870226000000005e-09,0.0754313500599999,7.567580495399998e-06,4.215307182e-05,0.0001275219059879,0.0002229732648629,0.0004920968857572003,0.0007654852139273,0.0016044343668466625
elliptic_f_034,fees_as_share_median,licit,200870,0,0.07045352715686763,0.00021807001992650386,0.0,0.2652322128999999,0.0,2.649115472426865e-06,1.3508220344023799e-05,0.00012433763886417502,0.00041015782156346003,0.0007294274096399976,0.0028101780174084106
elliptic_f_034,fees_as_share_median,illicit,11413,0,0.0,0.0002545272770843515,6.8870226000000005e-09,0.0754313500599999,7.102686290770658e-06,4.05086130597807e-05,0.0001263952738071,0.0002198974531108,0.00048577370895170035,0.00076542609917566,0.001572166648862853
elliptic_f_035,blocks_btwn_txs_total,licit,200870,0,0.8403395230746253,1420.1116543037786,0.0,96775.0,0.0,0.0,0.0,0.0,2.0,4033.0,46367.0
elliptic_f_035,blocks_btwn_txs_total,illicit,11413,0,0.3575746955226496,325.17935687374046,0.0,82646.0,0.0,0.0,1.0,2.0,5.0,7.0,8068.879999999999
elliptic_f_036,blocks_btwn_txs_min,licit,200870,0,0.8536068103748693,525.6627520286753,0.0,94751.0,0.0,0.0,0.0,0.0,2.0,6.0,18147.0
elliptic_f_036,blocks_btwn_txs_min,illicit,11413,0,0.3966529396302462,120.16498729518969,0.0,76598.0,0.0,0.0,1.0,2.0,5.0,6.0,2012.8799999999992
elliptic_f_037,blocks_btwn_txs_max,licit,200870,0,0.8403395230746253,1027.5731617464032,0.0,96762.0,0.0,0.0,0.0,0.0,2.0,4030.0,28225.0
elliptic_f_037,blocks_btwn_txs_max,illicit,11413,0,0.3575746955226496,257.1145185314992,0.0,76598.0,0.0,0.0,1.0,2.0,5.0,6.399999999999636,8058.0
elliptic_f_038,blocks_btwn_txs_mean,licit,200870,0,0.8403395230746253,734.8423339463702,0.0,94751.0,0.0,0.0,0.0,0.0,2.0,2018.0,18950.2
elliptic_f_038,blocks_btwn_txs_mean,illicit,11413,0,0.3575746955226496,172.81360374869473,0.0,76598.0,0.0,0.0,1.0,2.0,5.0,6.0,4034.4399999999996
elliptic_f_039,blocks_btwn_txs_median,licit,200870,0,0.8438492557375417,699.0633394732912,0.0,94751.0,0.0,0.0,0.0,0.0,2.0,2009.0,18147.0
elliptic_f_039,blocks_btwn_txs_median,illicit,11413,0,0.3793043021116271,162.74559712608428,0.0,76598.0,0.0,0.0,1.0,2.0,5.0,6.0,4027.0
elliptic_f_040,blocks_btwn_input_txs_total,licit,200870,0,0.978060437098621,259.437377408274,0.0,96773.0,0.0,0.0,0.0,0.0,0.0,0.0,4027.3099999999977
elliptic_f_040,blocks_btwn_input_txs_total,illicit,11413,0,0.9812494523788662,53.563830719355124,0.0,76610.0,0.0,0.0,0.0,0.0,0.0,0.0,3.0
elliptic_f_041,blocks_btwn_input_txs_min,licit,200870,0,0.9823567481455668,145.95684273410663,0.0,92732.0,0.0,0.0,0.0,0.0,0.0,0.0,7.0
elliptic_f_041,blocks_btwn_input_txs_min,illicit,11413,0,0.9878209059844038,17.510820993603787,0.0,56440.0,0.0,0.0,0.0,0.0,0.0,0.0,1.0
elliptic_f_042,blocks_btwn_input_txs_max,licit,200870,0,0.978060437098621,211.8575098322298,0.0,92732.0,0.0,0.0,0.0,0.0,0.0,0.0,4026.0
elliptic_f_042,blocks_btwn_input_txs_max,illicit,11413,0,0.9812494523788662,42.95662840620345,0.0,70564.0,0.0,0.0,0.0,0.0,0.0,0.0,2.0
elliptic_f_043,blocks_btwn_input_txs_mean,licit,200870,0,0.978060437098621,169.31023692116548,0.0,92732.0,0.0,0.0,0.0,0.0,0.0,0.0,2019.0
elliptic_f_043,blocks_btwn_input_txs_mean,illicit,11413,0,0.9812494523788662,27.13326559623959,0.0,56440.0,0.0,0.0,0.0,0.0,0.0,0.0,1.666666667
elliptic_f_044,blocks_btwn_input_txs_median,licit,200870,0,0.9794991785732066,163.04020759695325,0.0,92732.0,0.0,0.0,0.0,0.0,0.0,0.0,2015.0
elliptic_f_044,blocks_btwn_input_txs_median,illicit,11413,0,0.9830018400070095,23.346315605011828,0.0,56440.0,0.0,0.0,0.0,0.0,0.0,0.0,1.5
elliptic_f_045,blocks_btwn_output_txs_total,licit,200870,0,0.9444367003534624,1213.2015333300144,0.0,96767.0,0.0,0.0,0.0,0.0,0.0,6.0,42334.0
elliptic_f_045,blocks_btwn_output_txs_total,illicit,11413,0,0.9690703583632699,204.05563830719356,0.0,82646.0,0.0,0.0,0.0,0.0,0.0,0.0,2020.0
elliptic_f_046,blocks_btwn_output_txs_min,licit,200870,0,0.9518594115597152,537.690003484841,0.0,96767.0,0.0,0.0,0.0,0.0,0.0,0.0,18147.0
elliptic_f_046,blocks_btwn_output_txs_min,illicit,11413,0,0.9824761237185665,85.16078156488216,0.0,66528.0,0.0,0.0,0.0,0.0,0.0,0.0,3.0
elliptic_f_047,blocks_btwn_output_txs_max,licit,200870,0,0.9444367003534624,869.5175187932493,0.0,96767.0,0.0,0.0,0.0,0.0,0.0,5.0,26199.309999999998
elliptic_f_047,blocks_btwn_output_txs_max,illicit,11413,0,0.9690703583632699,160.7702619819504,0.0,66528.0,0.0,0.0,0.0,0.0,0.0,0.0,2020.0
elliptic_f_048,blocks_btwn_output_txs_mean,licit,200870,0,0.9444367003534624,683.8224148599488,0.0,96767.0,0.0,0.0,0.0,0.0,0.0,5.0,19151.0
elliptic_f_048,blocks_btwn_output_txs_mean,illicit,11413,0,0.9690703583632699,111.74832634955153,0.0,66528.0,0.0,0.0,0.0,0.0,0.0,0.0,2011.0
elliptic_f_049,blocks_btwn_output_txs_median,licit,200870,0,0.9465375616070095,667.2079777965848,0.0,96767.0,0.0,0.0,0.0,0.0,0.0,2.0,18147.0
elliptic_f_049,blocks_btwn_output_txs_median,illicit,11413,0,0.9771313414527294,104.76842197494085,0.0,66528.0,0.0,0.0,0.0,0.0,0.0,0.0,886.8399999992052
elliptic_f_050,num_addr_transacted_multiple,licit,200870,0,0.9576840742768955,0.13397222083934884,0.0,7167.0,0.0,0.0,0.0,0.0,0.0,0.0,1.0
elliptic_f_050,num_addr_transacted_multiple,illicit,11413,0,0.9913256812406904,0.010864803294488742,0.0,4.0,0.0,0.0,0.0,0.0,0.0,0.0,0.0
elliptic_f_051,transacted_w_address_total,licit,200870,0,0.0,10.790775128192363,1.0,37841.0,1.0,1.0,2.0,7.0,18.0,38.0,101.0
elliptic_f_051,transacted_w_address_total,illicit,11413,0,0.0,3.6422500657145362,1.0,1999.0,1.0,2.0,2.0,3.0,5.0,8.0,20.0
elliptic_f_052,transacted_w_address_min,licit,200870,0,0.0,1.0321352118285458,1.0,7.0,1.0,1.0,1.0,1.0,1.0,1.0,2.0
elliptic_f_052,transacted_w_address_min,illicit,11413,0,0.0,1.0014019101025147,1.0,3.0,1.0,1.0,1.0,1.0,1.0,1.0,1.0
elliptic_f_053,transacted_w_address_max,licit,200870,0,0.0,1.082635535420919,1.0,157.0,1.0,1.0,1.0,1.0,1.0,1.0,3.0
elliptic_f_053,transacted_w_address_max,illicit,11413,0,0.0,1.0137562428809253,1.0,11.0,1.0,1.0,1.0,1.0,1.0,1.0,1.0
elliptic_f_054,transacted_w_address_mean,licit,200870,0,0.0,1.0425092842402353,1.0,7.0,1.0,1.0,1.0,1.0,1.0,1.0,2.0
elliptic_f_054,transacted_w_address_mean,illicit,11413,0,0.0,1.003548169444756,1.0,4.5,1.0,1.0,1.0,1.0,1.0,1.0,1.0
elliptic_f_055,transacted_w_address_median,licit,200870,0,0.0,1.035893861701598,1.0,7.0,1.0,1.0,1.0,1.0,1.0,1.0,2.0
elliptic_f_055,transacted_w_address_median,illicit,11413,0,0.0,1.0022342942258828,1.0,4.0,1.0,1.0,1.0,1.0,1.0,1.0,1.0
wallet_first_timestep,wallet_first_timestep,licit,200870,0,0.0,23.58456215462737,1.0,49.0,1.0,8.0,22.0,40.0,45.0,47.0,49.0
wallet_first_timestep,wallet_first_timestep,illicit,11413,0,0.0,28.784018224831332,1.0,49.0,8.0,21.0,28.0,37.0,46.0,48.0,49.0
wallet_last_timestep,wallet_last_timestep,licit,200870,0,0.0,24.28884850898591,1.0,49.0,1.0,8.0,23.0,40.0,45.0,47.0,49.0
wallet_last_timestep,wallet_last_timestep,illicit,11413,0,0.0,28.944536931569264,1.0,49.0,8.0,22.0,29.0,37.0,46.0,48.0,49.0
wallet_active_span,wallet_active_span,licit,200870,0,0.9421167919549958,0.7042863543585404,0.0,48.0,0.0,0.0,0.0,0.0,0.0,2.0,23.0
wallet_active_span,wallet_active_span,illicit,11413,0,0.9820380268115307,0.16051870673793042,0.0,41.0,0.0,0.0,0.0,0.0,0.0,0.0,4.0
wallet_observed_timestep_count,wallet_observed_timestep_count,licit,200870,0,0.0,1.1022551899238313,1.0,47.0,1.0,1.0,1.0,1.0,1.0,2.0,4.0
wallet_observed_timestep_count,wallet_observed_timestep_count,illicit,11413,0,0.0,1.030842022255323,1.0,15.0,1.0,1.0,1.0,1.0,1.0,1.0,2.0
in_degree,in_degree,licit,200870,0,0.33394732911833525,5.5754020012943695,0.0,11918.0,0.0,0.0,1.0,4.0,10.0,23.0,99.0
in_degree,in_degree,illicit,11413,0,0.24901428195916936,2.4286340138438622,0.0,1997.0,0.0,1.0,1.0,2.0,4.0,6.0,17.0
out_degree,out_degree,licit,200870,0,0.5511823567481455,5.215373126897994,0.0,37835.0,0.0,0.0,0.0,2.0,4.0,12.0,55.0
out_degree,out_degree,illicit,11413,0,0.12240427582581268,1.2136160518706738,0.0,70.0,0.0,1.0,1.0,1.0,2.0,2.0,4.0
total_degree,total_degree,licit,200870,0,0.0,10.790775128192363,1.0,37841.0,1.0,1.0,2.0,7.0,18.0,38.0,101.0
total_degree,total_degree,illicit,11413,0,0.0,3.6422500657145362,1.0,1999.0,1.0,2.0,2.0,3.0,5.0,8.0,20.0
unique_in_neighbors,unique_in_neighbors,licit,200870,0,0.33394732911833525,5.475820182207398,0.0,11213.0,0.0,0.0,1.0,4.0,10.0,23.0,99.0
unique_in_neighbors,unique_in_neighbors,illicit,11413,0,0.24901428195916936,2.4193463594147024,0.0,1996.0,0.0,1.0,1.0,2.0,4.0,6.0,17.0
unique_out_neighbors,unique_out_neighbors,licit,200870,0,0.5511823567481455,5.070941404888734,0.0,22995.0,0.0,0.0,0.0,2.0,3.0,12.0,55.0
unique_out_neighbors,unique_out_neighbors,illicit,11413,0,0.12240427582581268,1.2062560238324718,0.0,70.0,0.0,1.0,1.0,1.0,2.0,2.0,4.0
unique_neighbors,unique_neighbors,licit,200870,0,0.0,10.526046696868622,1.0,22996.0,1.0,1.0,2.0,7.0,18.0,38.0,101.0
unique_neighbors,unique_neighbors,illicit,11413,0,0.0,3.625339525102953,1.0,1998.0,1.0,2.0,2.0,3.0,5.0,8.0,20.0
direct_illicit_neighbor_count,direct_illicit_neighbor_count,licit,200870,0,0.9880370388808682,0.03090058246627172,0.0,38.0,0.0,0.0,0.0,0.0,0.0,0.0,1.0
direct_illicit_neighbor_count,direct_illicit_neighbor_count,illicit,11413,0,0.1608691842635591,1.703496013318146,0.0,846.0,0.0,1.0,1.0,1.0,2.0,3.0,9.0
direct_licit_neighbor_count,direct_licit_neighbor_count,licit,200870,0,0.14504405834619405,6.710081147010504,0.0,14518.0,0.0,1.0,2.0,4.0,12.0,24.0,69.0
direct_licit_neighbor_count,direct_licit_neighbor_count,illicit,11413,0,0.826075527906773,0.5438535003942873,0.0,82.0,0.0,0.0,0.0,0.0,2.0,3.0,7.0
direct_unknown_neighbor_count,direct_unknown_neighbor_count,licit,200870,0,0.33244386916911434,3.7850649673918455,0.0,8477.0,0.0,0.0,1.0,2.0,6.0,13.0,61.0
direct_unknown_neighbor_count,direct_unknown_neighbor_count,illicit,11413,0,0.2855515640059581,1.3779900113905197,0.0,1152.0,0.0,0.0,1.0,1.0,2.0,3.0,8.0
direct_illicit_neighbor_ratio,direct_illicit_neighbor_ratio,licit,200870,0,0.9880370388808682,0.0028886776741222724,0.0,1.0,0.0,0.0,0.0,0.0,0.0,0.0,0.03125
direct_illicit_neighbor_ratio,direct_illicit_neighbor_ratio,illicit,11413,0,0.1608691842635591,0.5031281311862265,0.0,1.0,0.0,0.25,0.5,0.8,1.0,1.0,1.0
one_hop_illicit_count,one_hop_illicit_count,licit,200870,0,0.9880370388808682,0.03090058246627172,0.0,38.0,0.0,0.0,0.0,0.0,0.0,0.0,1.0
one_hop_illicit_count,one_hop_illicit_count,illicit,11413,0,0.1608691842635591,1.703496013318146,0.0,846.0,0.0,1.0,1.0,1.0,2.0,3.0,9.0
two_hop_illicit_count,two_hop_illicit_count,licit,200870,0,0.6450141882809778,1.4810723353412656,0.0,225.0,0.0,0.0,0.0,1.0,7.0,12.0,14.0
two_hop_illicit_count,two_hop_illicit_count,illicit,11413,0,0.05336020327696486,159.7068255498116,0.0,875.0,0.0,3.0,36.0,260.0,404.0,845.0,846.0
distance_to_other_known_illicit,distance_to_other_known_illicit,licit,200870,0,0.0,3.3260267834918107,1.0,21.0,2.0,2.0,3.0,4.0,5.0,6.0,9.0
distance_to_other_known_illicit,distance_to_other_known_illicit,illicit,11413,0,0.0,1.1787435380706213,1.0,14.0,1.0,1.0,1.0,1.0,2.0,2.0,2.0
has_other_known_illicit_path,has_other_known_illicit_path,licit,200870,0,0.0,1.0,1.0,1.0,1.0,1.0,1.0,1.0,1.0,1.0,1.0
has_other_known_illicit_path,has_other_known_illicit_path,illicit,11413,0,0.0,1.0,1.0,1.0,1.0,1.0,1.0,1.0,1.0,1.0,1.0
